model,metric,y_col,depth_bin,count,depth_mean,y_mean,y_median,y_std,depth_left,depth_right,depth_center,y_sem,y_ci95
MonoAMNet,bev_iou,iou_bev,"[5.0, 10.0)",15,8.702256333333334,0.7405762133610682,0.75256919558258,0.0662426786587683,5.0,10.0,7.5,0.01710378608357194,0.033523420723801
MonoAMNet,bev_iou,iou_bev,"[10.0, 15.0)",30,12.555381166666667,0.6609363428966335,0.6571007238577679,0.03322266324919773,10.0,15.0,12.5,0.006065600693994491,0.011888577360229203
MonoAMNet,bev_iou,iou_bev,"[15.0, 20.0)",31,17.585335967741933,0.6139548883799874,0.613324769635321,0.021945925792181496,15.0,20.0,17.5,0.003941604630161947,0.007725545075117417
MonoAMNet,bev_iou,iou_bev,"[20.0, 25.0)",31,22.518490354838708,0.36438698890363647,0.549304513416153,0.273955112263823,20.0,25.0,22.5,0.04920379067992296,0.096439429732649
MonoAMNet,bev_iou,iou_bev,"[25.0, 30.0)",35,27.52758982857143,0.18752027663548876,0.2353335846370877,0.17202740569919966,25.0,30.0,27.5,0.029077938771317452,0.0569927599917822
MonoAMNet,bev_iou,iou_bev,"[30.0, 35.0)",23,31.631090913043476,0.38717831425331817,0.3802870670076642,0.04775863558982215,30.0,35.0,32.5,0.009958363916177123,0.01951839327570716
MonoDGP,bev_iou,iou_bev,"[5.0, 10.0)",15,8.702256333333334,0.6618175683109019,0.6627785473317123,0.017593024800764245,5.0,10.0,7.5,0.004542499470851598,0.008903298962869132
MonoDGP,bev_iou,iou_bev,"[10.0, 15.0)",30,12.555381166666667,0.6384395799564904,0.645104966952524,0.03213582398941649,10.0,15.0,12.5,0.005867171901006356,0.011499656925972459
MonoDGP,bev_iou,iou_bev,"[15.0, 20.0)",31,17.585335967741933,0.5565184527287191,0.5546675931408019,0.044783065248646656,15.0,20.0,17.5,0.00804327595966795,0.01576482088094918
MonoDGP,bev_iou,iou_bev,"[20.0, 25.0)",31,22.518490354838708,0.4417442775176353,0.431712984463062,0.07797844485438858,20.0,25.0,22.5,0.014005342139650673,0.02745047059371532
MonoDGP,bev_iou,iou_bev,"[25.0, 30.0)",35,27.52758982857143,0.2868464826741707,0.2818077119354396,0.04855919316688365,25.0,30.0,27.5,0.008208001742235125,0.016087683414780844
MonoDGP,bev_iou,iou_bev,"[30.0, 35.0)",23,31.631090913043476,0.2947132248768973,0.2799431496947415,0.06791502172794348,30.0,35.0,32.5,0.014161260961275636,0.027756071484100246
MonoDETR,bev_iou,iou_bev,"[5.0, 10.0)",15,8.702256333333334,0.7369307059573713,0.7336738875593815,0.027714407512334033,5.0,10.0,7.5,0.0071558292496850286,0.014025425329382656
MonoDETR,bev_iou,iou_bev,"[10.0, 15.0)",30,12.555381166666667,0.7267941190305786,0.7347700588229937,0.02628353212514767,10.0,15.0,12.5,0.0047986944786183585,0.009405441178091983
MonoDETR,bev_iou,iou_bev,"[15.0, 20.0)",31,17.585335967741933,0.7243542474150649,0.7286839521979298,0.03502782398670606,15.0,20.0,17.5,0.006291182906473052,0.012330718496687182
MonoDETR,bev_iou,iou_bev,"[20.0, 25.0)",31,22.518490354838708,0.725662614087191,0.7294239585466215,0.021217906061394228,20.0,25.0,22.5,0.0038108484265324486,0.007469262916003599
MonoDETR,bev_iou,iou_bev,"[25.0, 30.0)",35,27.52758982857143,0.6579877912567674,0.6610783002244234,0.020893860663290614,25.0,30.0,27.5,0.0035317070474569696,0.00692214581301566
MonoDETR,bev_iou,iou_bev,"[30.0, 35.0)",23,31.631090913043476,0.6658056487581102,0.6706584809179925,0.029851212148087312,30.0,35.0,32.5,0.006224408009951859,0.012199839699505643
GEMO3D,bev_iou,iou_bev,"[5.0, 10.0)",15,8.702256333333334,0.7877303715452207,0.7999300774430516,0.03322591542301931,5.0,10.0,7.5,0.008578894473056663,0.01681463316719106
GEMO3D,bev_iou,iou_bev,"[10.0, 15.0)",30,12.555381166666667,0.8396457492738225,0.8392395651125575,0.025198998606770853,10.0,15.0,12.5,0.004600686654489883,0.009017345842800171
GEMO3D,bev_iou,iou_bev,"[15.0, 20.0)",31,17.585335967741933,0.8341329969854143,0.8343260264628121,0.04656170844181086,15.0,20.0,17.5,0.008362729707574075,0.016390950226845186
GEMO3D,bev_iou,iou_bev,"[20.0, 25.0)",31,22.518490354838708,0.8174261416301013,0.8239458235751436,0.07051410277404103,20.0,25.0,22.5,0.012664706725878687,0.024822825182722226
GEMO3D,bev_iou,iou_bev,"[25.0, 30.0)",35,27.52758982857143,0.8479838472309528,0.8448880426091363,0.06430913894273742,25.0,30.0,27.5,0.010870228479076373,0.021305647818989693
GEMO3D,bev_iou,iou_bev,"[30.0, 35.0)",23,31.631090913043476,0.7710710140747711,0.7829527295546406,0.09155787324197717,30.0,35.0,32.5,0.019091136291362797,0.03741862713107108
MonoAMNet,iou_3d,iou_3d,"[5.0, 10.0)",15,8.702256333333334,0.6948590489511023,0.7036068090496413,0.05981264703265565,5.0,10.0,7.5,0.01544355905667052,0.030269375751074218
MonoAMNet,iou_3d,iou_3d,"[10.0, 15.0)",30,12.555381166666667,0.6135087636707147,0.6101331912347102,0.03569676887096693,10.0,15.0,12.5,0.006517308513558935,0.012773924686575512
MonoAMNet,iou_3d,iou_3d,"[15.0, 20.0)",31,17.585335967741933,0.5569831146624112,0.563779066307947,0.02213676705842868,15.0,20.0,17.5,0.003975880733425445,0.007792726237513871
MonoAMNet,iou_3d,iou_3d,"[20.0, 25.0)",31,22.518490354838708,0.3293477012261226,0.5071355605303085,0.24659267006368749,20.0,25.0,22.5,0.044289350984377446,0.0868071279293798
MonoAMNet,iou_3d,iou_3d,"[25.0, 30.0)",35,27.52758982857143,0.16782541897001968,0.2132039667460544,0.1523641389975231,25.0,30.0,27.5,0.02575424006836075,0.05047831053398707
MonoAMNet,iou_3d,iou_3d,"[30.0, 35.0)",23,31.631090913043476,0.36036636026479274,0.3532923039517254,0.046422325746473814,30.0,35.0,32.5,0.009679724052192643,0.01897225914229758
MonoDGP,iou_3d,iou_3d,"[5.0, 10.0)",15,8.702256333333334,0.6260036596172556,0.62405981955737,0.01750983701047021,5.0,10.0,7.5,0.004521020475757158,0.00886120013248403
MonoDGP,iou_3d,iou_3d,"[10.0, 15.0)",30,12.555381166666667,0.608483660026067,0.6079309806492447,0.02869222905039135,10.0,15.0,12.5,0.005238460358668125,0.010267382302989524
MonoDGP,iou_3d,iou_3d,"[15.0, 20.0)",31,17.585335967741933,0.5328641578110832,0.5323097201004166,0.04390552912027635,15.0,20.0,17.5,0.007885665818292595,0.015455905003853486
MonoDGP,iou_3d,iou_3d,"[20.0, 25.0)",31,22.518490354838708,0.42240668364670286,0.4159153869444147,0.07473022792049142,20.0,25.0,22.5,0.013421945156189588,0.026307012506131593
MonoDGP,iou_3d,iou_3d,"[25.0, 30.0)",35,27.52758982857143,0.2709891147841904,0.2671045684267208,0.04583034923213469,25.0,30.0,27.5,0.007746742929846487,0.015183616142499115
MonoDGP,iou_3d,iou_3d,"[30.0, 35.0)",23,31.631090913043476,0.2823635241343348,0.269710166578857,0.06539588611323299,30.0,35.0,32.5,0.01363598487464397,0.026726530354302183
MonoDETR,iou_3d,iou_3d,"[5.0, 10.0)",15,8.702256333333334,0.7033128420863111,0.705768180643929,0.031083145565944756,5.0,10.0,7.5,0.00802563367497633,0.015730242002953608
MonoDETR,iou_3d,iou_3d,"[10.0, 15.0)",30,12.555381166666667,0.6816741624006311,0.6874057214179935,0.02347984078912443,10.0,15.0,12.5,0.004286812815611117,0.008402153118597789
MonoDETR,iou_3d,iou_3d,"[15.0, 20.0)",31,17.585335967741933,0.6876004857500887,0.6931419192676778,0.03249171141946071,15.0,20.0,17.5,0.005835683642859052,0.011437939940003741
MonoDETR,iou_3d,iou_3d,"[20.0, 25.0)",31,22.518490354838708,0.6875836690326113,0.6913335970933623,0.02194823644102317,20.0,25.0,22.5,0.003942019634945034,0.007726358484492266
MonoDETR,iou_3d,iou_3d,"[25.0, 30.0)",35,27.52758982857143,0.610866481266466,0.6115512614453958,0.017964518248051654,25.0,30.0,27.5,0.0030365578062977864,0.005951653300343661
MonoDETR,iou_3d,iou_3d,"[30.0, 35.0)",23,31.631090913043476,0.6152185318897737,0.6200237795297945,0.0258191879679304,30.0,35.0,32.5,0.005383672850562482,0.010551998787102465
GEMO3D,iou_3d,iou_3d,"[5.0, 10.0)",15,8.702256333333334,0.7854335804898228,0.7975835558146233,0.03309018353287123,5.0,10.0,7.5,0.008543848649717144,0.016745943353445602
GEMO3D,iou_3d,iou_3d,"[10.0, 15.0)",30,12.555381166666667,0.8371275454225712,0.8367241280115587,0.025089281304784775,10.0,15.0,12.5,0.004580655107407756,0.0089780840105192
GEMO3D,iou_3d,iou_3d,"[15.0, 20.0)",31,17.585335967741933,0.8316363829016515,0.8318319780696855,0.046360636478956864,15.0,20.0,17.5,0.008326616116956566,0.01632016758923487
GEMO3D,iou_3d,iou_3d,"[20.0, 25.0)",31,22.518490354838708,0.8149972495779568,0.821496701153982,0.07021295333970735,20.0,25.0,22.5,0.012610618690769994,0.024716812633909187
GEMO3D,iou_3d,iou_3d,"[25.0, 30.0)",35,27.52758982857143,0.8454236362192055,0.8423479224504415,0.06402747509581909,25.0,30.0,27.5,0.010822618599351127,0.021212332454728207
GEMO3D,iou_3d,iou_3d,"[30.0, 35.0)",23,31.631090913043476,0.7688322943474878,0.7806776096563581,0.09117877713901304,30.0,35.0,32.5,0.01901208928958191,0.03726369500758054
MonoAMNet,depth_error,depth_err_m,"[5.0, 10.0)",15,8.702256333333334,0.10229033333333311,0.0323580000000003,0.16119954245577858,5.0,10.0,7.5,0.04162154288983239,0.08157822406407149
MonoAMNet,depth_error,depth_err_m,"[10.0, 15.0)",30,12.555381166666667,-0.049924500000000066,-0.0677335000000001,0.13592229255432717,10.0,15.0,12.5,0.02481590189994049,0.04863916772388336
MonoAMNet,depth_error,depth_err_m,"[15.0, 20.0)",31,17.585335967741933,0.1262059677419356,0.1563119999999997,0.2339193771826072,15.0,20.0,17.5,0.042013160388797245,0.0823457943620426
MonoAMNet,depth_error,depth_err_m,"[20.0, 25.0)",31,22.518490354838708,-3.3608000322580645,0.0782610000000012,6.822509828228986,20.0,25.0,22.5,1.2253589382797072,2.401703519028226
MonoAMNet,depth_error,depth_err_m,"[25.0, 30.0)",35,27.52758982857143,-6.8615498285714285,-2.3424349999999983,7.0345556077406135,25.0,30.0,27.5,1.189056920401265,2.3305515639864796
MonoAMNet,depth_error,depth_err_m,"[30.0, 35.0)",23,31.631090913043476,-1.6306213478260867,-1.6586749999999988,0.19999959803518955,30.0,35.0,32.5,0.04170279899595803,0.08173748603207774
MonoDGP,depth_error,depth_err_m,"[5.0, 10.0)",15,8.702256333333334,-0.2749230000000001,-0.2745759999999997,0.05313226656051027,5.0,10.0,7.5,0.013718692235673966,0.026888636781920973
MonoDGP,depth_error,depth_err_m,"[10.0, 15.0)",30,12.555381166666667,-0.4817144999999999,-0.4807209999999999,0.10633155195336134,10.0,15.0,12.5,0.019413396526462838,0.038050257191867165
MonoDGP,depth_error,depth_err_m,"[15.0, 20.0)",31,17.585335967741933,-0.8330779032258061,-0.8140839999999976,0.13796816864923497,15.0,20.0,17.5,0.024779814600326865,0.048568436616640655
MonoDGP,depth_error,depth_err_m,"[20.0, 25.0)",31,22.518490354838708,-1.278167774193548,-1.287583999999999,0.2940914983719307,20.0,25.0,22.5,0.0528203923885974,0.10352796908165089
MonoDGP,depth_error,depth_err_m,"[25.0, 30.0)",35,27.52758982857143,-1.9944469714285715,-2.0163200000000003,0.2511514654023235,25.0,30.0,27.5,0.04245234591321511,0.08320659798990161
MonoDGP,depth_error,depth_err_m,"[30.0, 35.0)",23,31.631090913043476,-2.0758735217391306,-2.121348000000001,0.3552728591372185,30.0,35.0,32.5,0.07407951205337879,0.14519584362462243
MonoDETR,depth_error,depth_err_m,"[5.0, 10.0)",15,8.702256333333334,-0.1455896666666664,-0.1588309999999992,0.05328902448731354,5.0,10.0,7.5,0.013759166958333638,0.02696796723833393
MonoDETR,depth_error,depth_err_m,"[10.0, 15.0)",30,12.555381166666667,0.10895216666666668,0.06828350000000061,0.27021565691066246,10.0,15.0,12.5,0.04933440356034885,0.09669543097828374
MonoDETR,depth_error,depth_err_m,"[15.0, 20.0)",31,17.585335967741933,0.3136962903225806,0.2991649999999985,0.2184569557542465,15.0,20.0,17.5,0.03923602751809125,0.07690261393545884
MonoDETR,depth_error,depth_err_m,"[20.0, 25.0)",31,22.518490354838708,0.10215480645161326,0.1071580000000018,0.18597045752097674,20.0,25.0,22.5,0.03340128019111254,0.06546650917458058
MonoDETR,depth_error,depth_err_m,"[25.0, 30.0)",35,27.52758982857143,-0.17044697142857124,-0.1313530000000007,0.20943973045098568,25.0,30.0,27.5,0.03540177585996884,0.06938748068553893
MonoDETR,depth_error,depth_err_m,"[30.0, 35.0)",23,31.631090913043476,-0.5315256956521737,-0.5450840000000028,0.1609589980834862,30.0,35.0,32.5,0.03356227117259195,0.06578205149828023
GEMO3D,depth_error,depth_err_m,"[5.0, 10.0)",15,8.702256333333334,0.11107700000000002,0.0999240000000014,0.06481555616737149,5.0,10.0,7.5,0.01673530464076008,0.03280119709588976
GEMO3D,depth_error,depth_err_m,"[10.0, 15.0)",30,12.555381166666667,-0.023714500000000156,-0.038705499999999796,0.06888219560847937,10.0,15.0,12.5,0.012576110781749148,0.02464917713222833
GEMO3D,depth_error,depth_err_m,"[15.0, 20.0)",31,17.585335967741933,-0.1563037096774193,-0.1540859999999995,0.11047951627977441,15.0,20.0,17.5,0.019842706889200878,0.03889170550283372
GEMO3D,depth_error,depth_err_m,"[20.0, 25.0)",31,22.518490354838708,-0.2546193870967736,-0.2326009999999989,0.16218880255033624,20.0,25.0,22.5,0.0291299688674141,0.057094738980131635
GEMO3D,depth_error,depth_err_m,"[25.0, 30.0)",35,27.52758982857143,-0.2141612571428575,-0.2238310000000005,0.20244536763348153,25.0,30.0,27.5,0.034219512761103126,0.06707024501176212
GEMO3D,depth_error,depth_err_m,"[30.0, 35.0)",23,31.631090913043476,0.3597786521739134,0.3784040000000033,0.28079371194665814,30.0,35.0,32.5,0.05854953631746846,0.11475709118223817
MonoAMNet,yaw_error,ry_abs_err_deg,"[5.0, 10.0)",15,8.702256333333334,1.1621570338942908,0.7393447388368202,1.8716860961233208,5.0,10.0,7.5,0.48326727197423974,0.9472038530695098
MonoAMNet,yaw_error,ry_abs_err_deg,"[10.0, 15.0)",30,12.555381166666667,0.6593827489483582,0.49251452069445634,0.7985217854704999,10.0,15.0,12.5,0.14578946485383126,0.2857473511135093
MonoAMNet,yaw_error,ry_abs_err_deg,"[15.0, 20.0)",31,17.585335967741933,1.01006914528708,0.8768546096682144,0.8722420610200943,15.0,20.0,17.5,0.15665929880997068,0.30705222566754253
MonoAMNet,yaw_error,ry_abs_err_deg,"[20.0, 25.0)",31,22.518490354838708,40.412310179399526,1.4378948826603164,71.30331247828309,20.0,25.0,22.5,12.806452973171544,25.100647827416225
MonoAMNet,yaw_error,ry_abs_err_deg,"[25.0, 30.0)",35,27.52758982857143,51.069701394707614,1.9077202746675823,74.21564754034675,25.0,30.0,27.5,12.544734057231205,24.58767875217316
MonoAMNet,yaw_error,ry_abs_err_deg,"[30.0, 35.0)",23,31.631090913043476,0.951119904400567,0.9112320773760416,0.5742227874190033,30.0,35.0,32.5,0.1197337280568937,0.23467810699151165
MonoDGP,yaw_error,ry_abs_err_deg,"[5.0, 10.0)",15,8.702256333333334,1.3294912678215554,1.1003081497692335,0.36237032715229484,5.0,10.0,7.5,0.09356361614803808,0.18338468765015464
MonoDGP,yaw_error,ry_abs_err_deg,"[10.0, 15.0)",30,12.555381166666667,1.0812095565982067,1.1003081497692335,0.38312263127159374,10.0,15.0,12.5,0.06994830247939535,0.13709867285961488
MonoDGP,yaw_error,ry_abs_err_deg,"[15.0, 20.0)",31,17.585335967741933,1.007895602167491,1.1003081497692335,0.3941009632668478,15.0,20.0,17.5,0.07078262253658513,0.13873394017170684
MonoDGP,yaw_error,ry_abs_err_deg,"[20.0, 25.0)",31,22.518490354838708,1.0263781116878394,1.1003081497692335,0.4374020371682687,20.0,25.0,22.5,0.07855972499273353,0.15397706098575772
MonoDGP,yaw_error,ry_abs_err_deg,"[25.0, 30.0)",35,27.52758982857143,1.3622317132576078,1.1003081497692335,0.4680146016817591,25.0,30.0,27.5,0.07910890637728213,0.15505345649947297
MonoDGP,yaw_error,ry_abs_err_deg,"[30.0, 35.0)",23,31.631090913043476,1.7729107788358573,1.673265944900038,0.508146466565642,30.0,35.0,32.5,0.10595586273110778,0.20767349095297125
MonoDETR,yaw_error,ry_abs_err_deg,"[5.0, 10.0)",15,8.702256333333334,2.208026553688825,2.2462237400308993,0.8516712272001957,5.0,10.0,7.5,0.21990056529269275,0.4310051079736778
MonoDETR,yaw_error,ry_abs_err_deg,"[10.0, 15.0)",30,12.555381166666667,1.4914015012882667,1.3867870473346358,0.9059651604142677,10.0,15.0,12.5,0.16540585155756024,0.32419546905281804
MonoDETR,yaw_error,ry_abs_err_deg,"[15.0, 20.0)",31,17.585335967741933,0.8449537982360904,0.527350354638429,1.0483416651705983,15.0,20.0,17.5,0.18828772140021746,0.3690439339444262
MonoDETR,yaw_error,ry_abs_err_deg,"[20.0, 25.0)",31,22.518490354838708,2.7637340066006617,2.8191815351617038,0.6162930835219993,20.0,25.0,22.5,0.1106895054029811,0.21695143058984295
MonoDETR,yaw_error,ry_abs_err_deg,"[25.0, 30.0)",35,27.52758982857143,2.6718495306994927,2.8191815351617038,0.9253584774569205,25.0,30.0,27.5,0.15641413087436368,0.3065716965137528
MonoDETR,yaw_error,ry_abs_err_deg,"[30.0, 35.0)",23,31.631090913043476,0.5511455409822845,0.527350354638429,0.3901700312010925,30.0,35.0,32.5,0.0813560754385264,0.15945790785951172
GEMO3D,yaw_error,ry_abs_err_deg,"[5.0, 10.0)",15,8.702256333333334,1.4486703089274102,1.32278766161852,0.8382846371977078,5.0,10.0,7.5,0.21644416261654992,0.42423055872843785
GEMO3D,yaw_error,ry_abs_err_deg,"[10.0, 15.0)",30,12.555381166666667,4.1050745344924415,3.82460787405725,0.9043965801863896,10.0,15.0,12.5,0.16511946929953844,0.3236341598270953
GEMO3D,yaw_error,ry_abs_err_deg,"[15.0, 20.0)",31,17.585335967741933,2.0321648595190536,1.9041106405582582,0.45415733510415934,15.0,20.0,17.5,0.08156906533905776,0.1598753680645532
GEMO3D,yaw_error,ry_abs_err_deg,"[20.0, 25.0)",31,22.518490354838708,0.9151762449077061,0.914497936808317,0.3669712724690755,20.0,25.0,22.5,0.06590998622695822,0.1291835730048381
GEMO3D,yaw_error,ry_abs_err_deg,"[25.0, 30.0)",35,27.52758982857143,1.8326824477727144,1.684209438787036,0.5901929735411768,25.0,30.0,27.5,0.09976082053984008,0.19553120825808654
GEMO3D,yaw_error,ry_abs_err_deg,"[30.0, 35.0)",23,31.631090913043476,2.158112795623151,2.1187979263937677,0.328944682541497,30.0,35.0,32.5,0.06858970773733072,0.13443582716516822
MonoAMNet,x_error,x_err_m,"[5.0, 10.0)",15,8.702256333333334,0.06216566666666668,0.11712200000000061,0.1514019268487816,5.0,10.0,7.5,0.03909180941793631,0.07661994645915517
MonoAMNet,x_error,x_err_m,"[10.0, 15.0)",30,12.555381166666667,0.07559420000000006,0.07559800000000005,0.08843460566581927,10.0,15.0,12.5,0.016145876129081128,0.03164591721299901
MonoAMNet,x_error,x_err_m,"[15.0, 20.0)",31,17.585335967741933,0.027739548387096753,0.016906000000000088,0.08471459595403802,15.0,20.0,17.5,0.015215190592401203,0.029821773561106355
MonoAMNet,x_error,x_err_m,"[20.0, 25.0)",31,22.518490354838708,-0.15583341935483863,-0.06998900000000052,2.7009870832447014,20.0,25.0,22.5,0.48511160085658245,0.9508187376789016
MonoAMNet,x_error,x_err_m,"[25.0, 30.0)",35,27.52758982857143,0.07659168571428573,0.22341199999999972,2.8424224362273205,25.0,30.0,27.5,0.4804570831426631,0.9416958829596197
MonoAMNet,x_error,x_err_m,"[30.0, 35.0)",23,31.631090913043476,0.21122291304347818,0.2157309999999999,0.021596834050205044,30.0,35.0,32.5,0.004503251197466386,0.008826372347034116
MonoDGP,x_error,x_err_m,"[5.0, 10.0)",15,8.702256333333334,0.22999233333333338,0.22996999999999979,0.014139634642009737,5.0,10.0,7.5,0.003650837965997412,0.007155642413354927
MonoDGP,x_error,x_err_m,"[10.0, 15.0)",30,12.555381166666667,0.22332753333333338,0.22500200000000015,0.020897324664165537,10.0,15.0,12.5,0.0038153120366908448,0.007478011591914056
MonoDGP,x_error,x_err_m,"[15.0, 20.0)",31,17.585335967741933,0.229346,0.22997699999999988,0.024619988708364536,15.0,20.0,17.5,0.0044218805078616,0.008666885795408736
MonoDGP,x_error,x_err_m,"[20.0, 25.0)",31,22.518490354838708,0.2577375483870967,0.2500169999999997,0.03721888918173913,20.0,25.0,22.5,0.006684709832587322,0.01310203127187115
MonoDGP,x_error,x_err_m,"[25.0, 30.0)",35,27.52758982857143,0.3139945428571428,0.319979,0.03136785995845287,25.0,30.0,27.5,0.0053021360611229425,0.010392186679800967
MonoDGP,x_error,x_err_m,"[30.0, 35.0)",23,31.631090913043476,0.2782533478260869,0.2799929999999997,0.04657085682504646,30.0,35.0,32.5,0.009710694923010485,0.01903296204910055
MonoDETR,x_error,x_err_m,"[5.0, 10.0)",15,8.702256333333334,0.1559923333333333,0.15995700000000035,0.03247824519069143,5.0,10.0,7.5,0.008385846849172603,0.0164362598243783
MonoDETR,x_error,x_err_m,"[10.0, 15.0)",30,12.555381166666667,0.04432753333333334,0.04500299999999968,0.09508007789543665,10.0,15.0,12.5,0.017359167810892993,0.03402396890935026
MonoDETR,x_error,x_err_m,"[15.0, 20.0)",31,17.585335967741933,-0.0677507741935484,-0.07001000000000035,0.04653058671362295,15.0,20.0,17.5,0.00835714008018329,0.016379994557159248
MonoDETR,x_error,x_err_m,"[20.0, 25.0)",31,22.518490354838708,-0.036778580645161235,-0.0400100000000001,0.03636983495588448,20.0,25.0,22.5,0.006532215191915588,0.012803141776154551
MonoDETR,x_error,x_err_m,"[25.0, 30.0)",35,27.52758982857143,0.031137399999999905,0.0299889999999996,0.03612024199905897,25.0,30.0,27.5,0.00610543524146567,0.011966653073272713
MonoDETR,x_error,x_err_m,"[30.0, 35.0)",23,31.631090913043476,0.09129682608695645,0.09001699999999957,0.019377249248098253,30.0,35.0,32.5,0.0040404357730051,0.007919254115089997
GEMO3D,x_error,x_err_m,"[5.0, 10.0)",15,8.702256333333334,0.18665900000000002,0.17999600000000004,0.024403829348221964,5.0,10.0,7.5,0.006301041643290098,0.01235004162084859
GEMO3D,x_error,x_err_m,"[10.0, 15.0)",30,12.555381166666667,0.1349942,0.1300205000000001,0.02636333693676467,10.0,15.0,12.5,0.004813264777125052,0.009433998963165102
GEMO3D,x_error,x_err_m,"[15.0, 20.0)",31,17.585335967741933,0.11644277419354833,0.11000200000000016,0.023607219938978692,15.0,20.0,17.5,0.004239981867152771,0.00831036445961943
GEMO3D,x_error,x_err_m,"[20.0, 25.0)",31,22.518490354838708,0.10160851612903221,0.09003400000000017,0.033074473347150864,20.0,25.0,22.5,0.005940350774891548,0.011643087518787435
GEMO3D,x_error,x_err_m,"[25.0, 30.0)",35,27.52758982857143,0.05713739999999987,0.05998800000000015,0.03778109392991657,25.0,30.0,27.5,0.006386170456633344,0.012516894095001355
GEMO3D,x_error,x_err_m,"[30.0, 35.0)",23,31.631090913043476,-0.11652926086956528,-0.12003600000000025,0.047059320922173534,30.0,35.0,32.5,0.009812546728010855,0.019232591586901274
MonoAMNet,y_error,y_err_m,"[5.0, 10.0)",15,8.702256333333334,-0.04566133333333325,-0.05260799999999999,0.021191688622350668,5.0,10.0,7.5,0.005471670474158489,0.010724474129350639
MonoAMNet,y_error,y_err_m,"[10.0, 15.0)",30,12.555381166666667,-0.058527999999999955,-0.05833299999999997,0.010818977579331082,10.0,15.0,12.5,0.0019752660231140903,0.003871521405303617
MonoAMNet,y_error,y_err_m,"[15.0, 20.0)",31,17.585335967741933,-0.08142280645161287,-0.07895799999999986,0.01707796642152172,15.0,20.0,17.5,0.003067293317140529,0.006011894901595437
MonoAMNet,y_error,y_err_m,"[20.0, 25.0)",31,22.518490354838708,-0.5713273225806452,-0.08691099999999996,1.0042230136000465,20.0,25.0,22.5,0.18036377765987444,0.3535130042133539
MonoAMNet,y_error,y_err_m,"[25.0, 30.0)",35,27.52758982857143,-0.7411245142857144,-0.1098380000000001,1.0735089548392054,25.0,30.0,27.5,0.18145613213430348,0.3556540189832348
MonoAMNet,y_error,y_err_m,"[30.0, 35.0)",23,31.631090913043476,-0.06748517391304353,-0.06220099999999995,0.012890809579104908,30.0,35.0,32.5,0.0026879196061083866,0.005268322427972438
MonoDGP,y_error,y_err_m,"[5.0, 10.0)",15,8.702256333333334,-0.0368913333333332,-0.03555799999999987,0.008755950357709142,5.0,10.0,7.5,0.0022607766610417586,0.004431122255641847
MonoDGP,y_error,y_err_m,"[10.0, 15.0)",30,12.555381166666667,-0.03405799999999986,-0.030557999999999863,0.010839741694339409,10.0,15.0,12.5,0.0019790570145063213,0.0038789517484323897
MonoDGP,y_error,y_err_m,"[15.0, 20.0)",31,17.585335967741933,-0.03733248387096765,-0.03555799999999987,0.006264975194795129,15.0,20.0,17.5,0.001125222762051432,0.002205436613620807
MonoDGP,y_error,y_err_m,"[20.0, 25.0)",31,22.518490354838708,-0.04169183870967737,-0.040564000000000044,0.0061540441884275175,20.0,25.0,22.5,0.0011052989651486433,0.002166385971691341
MonoDGP,y_error,y_err_m,"[25.0, 30.0)",35,27.52758982857143,-0.05863165714285713,-0.060580999999999996,0.006081045614147663,25.0,30.0,27.5,0.0010278843147990165,0.002014653257006072
MonoDGP,y_error,y_err_m,"[30.0, 35.0)",23,31.631090913043476,-0.04052430434782605,-0.0409219999999999,0.00865981457094563,30.0,35.0,32.5,0.0018056961611036463,0.003539164475763147
MonoDETR,y_error,y_err_m,"[5.0, 10.0)",15,8.702256333333334,-0.030224666666666528,-0.030557999999999863,0.007668736780560662,5.0,10.0,7.5,0.0019800593225039816,0.0038809162721078036
MonoDETR,y_error,y_err_m,"[10.0, 15.0)",30,12.555381166666667,-0.04055799999999987,-0.04055799999999987,0.009559252603882155,10.0,15.0,12.5,0.0017452727613454175,0.003420734612237018
MonoDETR,y_error,y_err_m,"[15.0, 20.0)",31,17.585335967741933,-0.038300225806451524,-0.04055799999999987,0.008148243441420039,15.0,20.0,17.5,0.0014634677242839338,0.0028683967395965104
MonoDETR,y_error,y_err_m,"[20.0, 25.0)",31,22.518490354838708,-0.01556280645161283,-0.015562999999999882,0.006830593865930737,20.0,25.0,22.5,0.001226810874312726,0.0024045493136529428
MonoDETR,y_error,y_err_m,"[25.0, 30.0)",35,27.52758982857143,-0.007917371428571372,-0.005709999999999993,0.008341261101880696,25.0,30.0,27.5,0.0014099304620111888,0.0027634637055419303
MonoDETR,y_error,y_err_m,"[30.0, 35.0)",23,31.631090913043476,-0.005306913043478195,-0.005893999999999955,0.006259787361426664,30.0,35.0,32.5,0.001305255893789763,0.0025583015518279356
GEMO3D,y_error,y_err_m,"[5.0, 10.0)",15,8.702256333333334,-0.0005580000000000584,-0.0005580000000000584,0.0,5.0,10.0,7.5,0.0,0.0
GEMO3D,y_error,y_err_m,"[10.0, 15.0)",30,12.555381166666667,-0.0005580000000000584,-0.0005580000000000584,0.0,10.0,15.0,12.5,0.0,0.0
GEMO3D,y_error,y_err_m,"[15.0, 20.0)",31,17.585335967741933,-0.0005582903225807441,-0.0005580000000000584,4.614143754435839e-07,15.0,20.0,17.5,8.28724682610406e-08,1.624300377916396e-07
GEMO3D,y_error,y_err_m,"[20.0, 25.0)",31,22.518490354838708,-0.000562806451613039,-0.0005620000000001735,3.5441910674466203e-06,20.0,25.0,22.5,6.365555071093481e-07,1.2476487939343222e-06
GEMO3D,y_error,y_err_m,"[25.0, 30.0)",35,27.52758982857143,-0.0006316571428573019,-0.0006120000000000569,5.634345457950473e-05,25.0,30.0,27.5,9.523782072794268e-06,1.8666612862676766e-05
GEMO3D,y_error,y_err_m,"[30.0, 35.0)",23,31.631090913043476,-0.0011764782608697172,-0.0010990000000001832,0.0003233915259424324,30.0,35.0,32.5,6.74317945429096e-05,0.0001321663173041028
MonoAMNet,center_3d_error,center_3d_err_m,"[5.0, 10.0)",15,8.702256333333334,0.2224157072891865,0.1668473400956689,0.11806727025899946,5.0,10.0,7.5,0.030484838096351677,0.05975028266884928
MonoAMNet,center_3d_error,center_3d_err_m,"[10.0, 15.0)",30,12.555381166666667,0.1684810929692318,0.1400821230284443,0.09529681178872793,10.0,15.0,12.5,0.017398737825003507,0.03410152613700687
MonoAMNet,center_3d_error,center_3d_err_m,"[15.0, 20.0)",31,17.585335967741933,0.2594655530814802,0.2284090629769313,0.12932406855000175,15.0,20.0,17.5,0.023227288391254406,0.045525485246858635
MonoAMNet,center_3d_error,center_3d_err_m,"[20.0, 25.0)",31,22.518490354838708,4.661262546610761,0.3641863639965134,6.665784748257414,20.0,25.0,22.5,1.1972102829562425,2.3465321545942355
MonoAMNet,center_3d_error,center_3d_err_m,"[25.0, 30.0)",35,27.52758982857143,7.352673986876192,2.365231310327806,7.218167904058609,25.0,30.0,27.5,1.2200930630919904,2.3913824036603013
MonoAMNet,center_3d_error,center_3d_err_m,"[30.0, 35.0)",23,31.631090913043476,1.6457541177143744,1.6769415464213404,0.20050554385955593,30.0,35.0,32.5,0.04180829599307041,0.08194426014641801
MonoDGP,center_3d_error,center_3d_err_m,"[5.0, 10.0)",15,8.702256333333334,0.3615279208743523,0.3599393714780308,0.046644403238010425,5.0,10.0,7.5,0.012043533128973178,0.023605324932787428
MonoDGP,center_3d_error,center_3d_err_m,"[10.0, 15.0)",30,12.555381166666667,0.5335970839908565,0.5257804493761771,0.10080737789649684,10.0,15.0,12.5,0.018404824945619666,0.03607345689341455
MonoDGP,center_3d_error,center_3d_err_m,"[15.0, 20.0)",31,17.585335967741933,0.865102200570018,0.8469197780899889,0.13884486323930825,15.0,20.0,17.5,0.024937273596962215,0.04887705625004594
MonoDGP,center_3d_error,center_3d_err_m,"[20.0, 25.0)",31,22.518490354838708,1.304964421240768,1.3144686559770076,0.2946615312255815,20.0,25.0,22.5,0.05292277331144253,0.10372863569042735
MonoDGP,center_3d_error,center_3d_err_m,"[25.0, 30.0)",35,27.52758982857143,2.019951859629632,2.042451763143747,0.25244988486620623,25.0,30.0,27.5,0.04267181886007967,0.08363676496575614
MonoDGP,center_3d_error,center_3d_err_m,"[30.0, 35.0)",23,31.631090913043476,2.0948634822190173,2.1400496813494785,0.3582199320886367,30.0,35.0,32.5,0.07469401924302721,0.14640027771633332
MonoDETR,center_3d_error,center_3d_err_m,"[5.0, 10.0)",15,8.702256333333334,0.21999984179384455,0.2312691377443173,0.04309500524940598,5.0,10.0,7.5,0.011127082509044704,0.021809081717727618
MonoDETR,center_3d_error,center_3d_err_m,"[10.0, 15.0)",30,12.555381166666667,0.27445904243345315,0.2861363568657179,0.14225713215431737,10.0,15.0,12.5,0.02597248008230437,0.050906060961316564
MonoDETR,center_3d_error,center_3d_err_m,"[15.0, 20.0)",31,17.585335967741933,0.3379399681930945,0.3117208703343412,0.19972292445862377,15.0,20.0,17.5,0.03587129616906187,0.07030774049136126
MonoDETR,center_3d_error,center_3d_err_m,"[20.0, 25.0)",31,22.518490354838708,0.18394607788592385,0.1540185054400936,0.11585286569610047,20.0,25.0,22.5,0.020807788934015515,0.04078326631067041
MonoDETR,center_3d_error,center_3d_err_m,"[25.0, 30.0)",35,27.52758982857143,0.21036914720855693,0.1602501585303414,0.1750762000389827,25.0,30.0,27.5,0.02959327907292942,0.05800282698294166
MonoDETR,center_3d_error,center_3d_err_m,"[30.0, 35.0)",23,31.631090913043476,0.5403135603546229,0.5525091283200694,0.15880353126540306,30.0,35.0,32.5,0.03311282527199987,0.06490113753311975
GEMO3D,center_3d_error,center_3d_err_m,"[5.0, 10.0)",15,8.702256333333334,0.22198709057467206,0.2031261133901792,0.050482191199956054,5.0,10.0,7.5,0.01303444571983256,0.02554751361087182
GEMO3D,center_3d_error,center_3d_err_m,"[10.0, 15.0)",30,12.555381166666667,0.1517242395776565,0.14409436936694325,0.03255236140407122,10.0,15.0,12.5,0.005943220880356783,0.011648712925499294
GEMO3D,center_3d_error,center_3d_err_m,"[15.0, 20.0)",31,17.585335967741933,0.2056449821338792,0.2015915845366561,0.09121359964754015,15.0,20.0,17.5,0.01638244611364578,0.03210959438274572
GEMO3D,center_3d_error,center_3d_err_m,"[20.0, 25.0)",31,22.518490354838708,0.28391603650753106,0.2494110869027267,0.1475286290846037,20.0,25.0,22.5,0.0264969239843363,0.05193397100929915
GEMO3D,center_3d_error,center_3d_err_m,"[25.0, 30.0)",35,27.52758982857143,0.2599779306087123,0.2377154902441156,0.15300407887310122,25.0,30.0,27.5,0.025862409650083806,0.05069032291416426
GEMO3D,center_3d_error,center_3d_err_m,"[30.0, 35.0)",23,31.631090913043476,0.4100713863651272,0.3914016350221374,0.23405079095712328,30.0,35.0,32.5,0.048802963536019456,0.09565380853059813
