model,metric,y_col,count,mean,median,std,rmse_from_zero,mean_abs
MonoAMNet,bev_iou,iou_bev,165,0.46505237935258054,0.5814065189639193,0.24121640522764812,0.5235517464228724,0.46505237935258054
MonoDGP,bev_iou,iou_bev,165,0.4657250098591505,0.4811729483989184,0.15609819224336932,0.49103844430942734,0.4657250098591505
MonoDETR,bev_iou,iou_bev,165,0.7039479362561893,0.7047377164040861,0.04149963715543806,0.7051627323867267,0.7039479362561893
GEMO3D,bev_iou,iou_bev,165,0.8219256322744064,0.8312069501962575,0.0647964832829023,0.8244603588229017,0.8219256322744064
MonoAMNet,iou_3d,iou_3d,165,0.4270710296180209,0.5225686478193817,0.22299221604982097,0.4814704829155206,0.4270710296180209
MonoDGP,iou_3d,iou_3d,165,0.4438602475925368,0.4583439043925714,0.1488854475212972,0.46802184903117905,0.4438602475925368
MonoDETR,iou_3d,iou_3d,165,0.6615816932082933,0.6655753129276784,0.04423573879241299,0.6630499815077059,0.6615816932082933
GEMO3D,iou_3d,iou_3d,165,0.8194784406942834,0.8287264380502127,0.06452134690567236,0.8219992023358245,0.8194784406942834
MonoAMNet,depth_error,depth_err_m,165,-2.2902686727272727,-0.132223999999999,5.106598566459821,5.5825294422280125,2.576062175757576
MonoDGP,depth_error,depth_err_m,165,-1.22166443030303,-1.0765850000000017,0.7018674918690158,1.4078694516603298,1.22166443030303
MonoDETR,depth_error,depth_err_m,165,-0.025543218181818025,-0.0390950000000014,0.3326090779485451,0.3325819856227661,0.26892748484848483
GEMO3D,depth_error,depth_err_m,165,-0.06669473333333328,-0.0878319999999988,0.26246156236062873,0.27003104974696623,0.20829171515151523
MonoAMNet,yaw_error,ry_abs_err_deg,165,18.9734721433826,0.9451511788478228,50.75598959918242,54.04211293928673,18.9734721433826
MonoDGP,yaw_error,ry_abs_err_deg,165,1.235734537709247,1.1003081497692335,0.4977704796924069,1.3316582252004487,1.235734537709247
MonoDETR,yaw_error,ry_abs_err_deg,165,1.793471795824209,1.673265944900038,1.1987702636037738,2.155198791875124,1.793471795824209
GEMO3D,yaw_error,ry_abs_err_deg,165,2.121396029559342,1.9093818522734693,1.187194497859471,2.4292405984744367,2.121396029559342
MonoAMNet,x_error,x_err_m,165,0.0410196181818182,0.08948800000000023,1.7395884195409117,1.7347939552427911,0.6456835333333333
MonoDGP,x_error,x_err_m,165,0.2584178,0.24997900000000017,0.04611785789535431,0.2624761439300376,0.2584178
MonoDETR,x_error,x_err_m,165,0.021932951515151494,0.019919999999999938,0.08513391467183504,0.08766362888536791,0.07212329090909084
GEMO3D,x_error,x_err_m,165,0.07835719393939389,0.10000100000000023,0.09234401111960257,0.12089493339367287,0.11205666060606055
MonoAMNet,y_error,y_err_m,165,-0.3040456424242424,-0.07091099999999984,0.7156464674283031,0.7755576577121039,0.315770890909091
MonoDGP,y_error,y_err_m,165,-0.04247897575757569,-0.040562999999999905,0.011675833178580607,0.04404500254533057,0.04247897575757569
MonoDETR,y_error,y_err_m,165,-0.022660793939393853,-0.020564000000000027,0.016424012034918056,0.027957555613551836,0.02307195757575749
GEMO3D,y_error,y_err_m,165,-0.0006607939393940544,-0.000560000000000116,0.00024262408183237637,0.0007036748603517596,0.0006607939393940544
MonoAMNet,center_3d_error,center_3d_err_m,165,2.764419234769525,0.3790158293739193,5.224851186779575,5.897086969082736,2.764419234769525
MonoDGP,center_3d_error,center_3d_err_m,165,1.2580792229518172,1.1061717248266667,0.6877743965169152,1.4328049697359222,1.2580792229518172
MonoDETR,center_3d_error,center_3d_err_m,165,0.2878931416291918,0.2445482259309987,0.19082859647208922,0.34507580892612294,0.2878931416291918
GEMO3D,center_3d_error,center_3d_err_m,165,0.2520533004941597,0.2084648948720153,0.15539734605989325,0.2958595070401122,0.2520533004941597
